{
	"sources" : 
	[
		{
			"file" : "/home/rasmus/Desktop/KOpp/vrp-metaheuristic-master/cmake-build-debug/_deps/matplotlibcpp-subbuild/CMakeFiles/matplotlibcpp-populate"
		},
		{
			"file" : "/home/rasmus/Desktop/KOpp/vrp-metaheuristic-master/cmake-build-debug/_deps/matplotlibcpp-subbuild/CMakeFiles/matplotlibcpp-populate.rule"
		},
		{
			"file" : "/home/rasmus/Desktop/KOpp/vrp-metaheuristic-master/cmake-build-debug/_deps/matplotlibcpp-subbuild/CMakeFiles/matplotlibcpp-populate-complete.rule"
		},
		{
			"file" : "/home/rasmus/Desktop/KOpp/vrp-metaheuristic-master/cmake-build-debug/_deps/matplotlibcpp-subbuild/matplotlibcpp-populate-prefix/src/matplotlibcpp-populate-stamp/matplotlibcpp-populate-build.rule"
		},
		{
			"file" : "/home/rasmus/Desktop/KOpp/vrp-metaheuristic-master/cmake-build-debug/_deps/matplotlibcpp-subbuild/matplotlibcpp-populate-prefix/src/matplotlibcpp-populate-stamp/matplotlibcpp-populate-configure.rule"
		},
		{
			"file" : "/home/rasmus/Desktop/KOpp/vrp-metaheuristic-master/cmake-build-debug/_deps/matplotlibcpp-subbuild/matplotlibcpp-populate-prefix/src/matplotlibcpp-populate-stamp/matplotlibcpp-populate-download.rule"
		},
		{
			"file" : "/home/rasmus/Desktop/KOpp/vrp-metaheuristic-master/cmake-build-debug/_deps/matplotlibcpp-subbuild/matplotlibcpp-populate-prefix/src/matplotlibcpp-populate-stamp/matplotlibcpp-populate-install.rule"
		},
		{
			"file" : "/home/rasmus/Desktop/KOpp/vrp-metaheuristic-master/cmake-build-debug/_deps/matplotlibcpp-subbuild/matplotlibcpp-populate-prefix/src/matplotlibcpp-populate-stamp/matplotlibcpp-populate-mkdir.rule"
		},
		{
			"file" : "/home/rasmus/Desktop/KOpp/vrp-metaheuristic-master/cmake-build-debug/_deps/matplotlibcpp-subbuild/matplotlibcpp-populate-prefix/src/matplotlibcpp-populate-stamp/matplotlibcpp-populate-patch.rule"
		},
		{
			"file" : "/home/rasmus/Desktop/KOpp/vrp-metaheuristic-master/cmake-build-debug/_deps/matplotlibcpp-subbuild/matplotlibcpp-populate-prefix/src/matplotlibcpp-populate-stamp/matplotlibcpp-populate-test.rule"
		},
		{
			"file" : "/home/rasmus/Desktop/KOpp/vrp-metaheuristic-master/cmake-build-debug/_deps/matplotlibcpp-subbuild/matplotlibcpp-populate-prefix/src/matplotlibcpp-populate-stamp/matplotlibcpp-populate-update.rule"
		}
	],
	"target" : 
	{
		"labels" : 
		[
			"matplotlibcpp-populate"
		],
		"name" : "matplotlibcpp-populate"
	}
}